-- MySQL dump 10.13  Distrib 8.0.19, for Win64 (x86_64)
--
-- Host: localhost    Database: pbo
-- ------------------------------------------------------
-- Server version	8.4.9

/*!40101 SET @OLD_CHARACTER_SET_CLIENT=@@CHARACTER_SET_CLIENT */;
/*!40101 SET @OLD_CHARACTER_SET_RESULTS=@@CHARACTER_SET_RESULTS */;
/*!40101 SET @OLD_COLLATION_CONNECTION=@@COLLATION_CONNECTION */;
/*!50503 SET NAMES utf8mb4 */;
/*!40103 SET @OLD_TIME_ZONE=@@TIME_ZONE */;
/*!40103 SET TIME_ZONE='+00:00' */;
/*!40014 SET @OLD_UNIQUE_CHECKS=@@UNIQUE_CHECKS, UNIQUE_CHECKS=0 */;
/*!40014 SET @OLD_FOREIGN_KEY_CHECKS=@@FOREIGN_KEY_CHECKS, FOREIGN_KEY_CHECKS=0 */;
/*!40101 SET @OLD_SQL_MODE=@@SQL_MODE, SQL_MODE='NO_AUTO_VALUE_ON_ZERO' */;
/*!40111 SET @OLD_SQL_NOTES=@@SQL_NOTES, SQL_NOTES=0 */;

--
-- Table structure for table `bookings`
--

DROP TABLE IF EXISTS `bookings`;
/*!40101 SET @saved_cs_client     = @@character_set_client */;
/*!50503 SET character_set_client = utf8mb4 */;
CREATE TABLE `bookings` (
  `id` bigint NOT NULL AUTO_INCREMENT,
  `borrow_date` date DEFAULT NULL,
  `due_date` date DEFAULT NULL,
  `expired` bit(1) NOT NULL,
  `return_date` date DEFAULT NULL,
  `status` varchar(255) DEFAULT NULL,
  `book_id` bigint DEFAULT NULL,
  `user_id` bigint DEFAULT NULL,
  PRIMARY KEY (`id`),
  KEY `FKm827phjjfy5m6q8vsjmi1gybv` (`book_id`),
  KEY `FKeyog2oic85xg7hsu2je2lx3s6` (`user_id`),
  CONSTRAINT `FKeyog2oic85xg7hsu2je2lx3s6` FOREIGN KEY (`user_id`) REFERENCES `users` (`id`),
  CONSTRAINT `FKm827phjjfy5m6q8vsjmi1gybv` FOREIGN KEY (`book_id`) REFERENCES `books` (`id`)
) ENGINE=InnoDB AUTO_INCREMENT=8 DEFAULT CHARSET=utf8mb4 COLLATE=utf8mb4_0900_ai_ci;
/*!40101 SET character_set_client = @saved_cs_client */;

--
-- Dumping data for table `bookings`
--

LOCK TABLES `bookings` WRITE;
/*!40000 ALTER TABLE `bookings` DISABLE KEYS */;
INSERT INTO `bookings` VALUES (3,'2026-06-24','2026-06-22',_binary '\0',NULL,'RETURNED',3,1),(4,'2026-06-24','2026-07-01',_binary '\0',NULL,'RETURNED',3,1),(5,'2026-06-24','2026-06-24',_binary '\0',NULL,'RETURNED',5,1),(6,'2026-06-24','2026-07-01',_binary '\0',NULL,'RETURNED',8,1),(7,'2026-06-25','2026-06-23',_binary '\0',NULL,'RETURNED',8,1);
/*!40000 ALTER TABLE `bookings` ENABLE KEYS */;
UNLOCK TABLES;

--
-- Table structure for table `books`
--

DROP TABLE IF EXISTS `books`;
/*!40101 SET @saved_cs_client     = @@character_set_client */;
/*!50503 SET character_set_client = utf8mb4 */;
CREATE TABLE `books` (
  `id` bigint NOT NULL AUTO_INCREMENT,
  `author` varchar(255) DEFAULT NULL,
  `stock` int NOT NULL,
  `title` varchar(255) DEFAULT NULL,
  `category_id` bigint DEFAULT NULL,
  PRIMARY KEY (`id`),
  KEY `FKleqa3hhc0uhfvurq6mil47xk0` (`category_id`),
  CONSTRAINT `FKleqa3hhc0uhfvurq6mil47xk0` FOREIGN KEY (`category_id`) REFERENCES `categories` (`id`)
) ENGINE=InnoDB AUTO_INCREMENT=10 DEFAULT CHARSET=utf8mb4 COLLATE=utf8mb4_0900_ai_ci;
/*!40101 SET character_set_client = @saved_cs_client */;

--
-- Dumping data for table `books`
--

LOCK TABLES `books` WRITE;
/*!40000 ALTER TABLE `books` DISABLE KEYS */;
INSERT INTO `books` VALUES (3,'Tere Liye',35,'SagaraS',2),(4,'James Gosling',5,'Java Programming',1),(5,'Craig Walls',4,'Spring Boot Guide',1),(6,'Elmasri',3,'Database Systems',2),(7,'Andrew Tanenbaum',2,'Computer Networking',3),(8,'CLRS',3,'Introduction to Algorithms',4),(9,'Stuart Russell',2,'Artificial Intelligence Basics',5);
/*!40000 ALTER TABLE `books` ENABLE KEYS */;
UNLOCK TABLES;

--
-- Table structure for table `categories`
--

DROP TABLE IF EXISTS `categories`;
/*!40101 SET @saved_cs_client     = @@character_set_client */;
/*!50503 SET character_set_client = utf8mb4 */;
CREATE TABLE `categories` (
  `id` bigint NOT NULL AUTO_INCREMENT,
  `name` varchar(255) DEFAULT NULL,
  PRIMARY KEY (`id`)
) ENGINE=InnoDB AUTO_INCREMENT=10 DEFAULT CHARSET=utf8mb4 COLLATE=utf8mb4_0900_ai_ci;
/*!40101 SET character_set_client = @saved_cs_client */;

--
-- Dumping data for table `categories`
--

LOCK TABLES `categories` WRITE;
/*!40000 ALTER TABLE `categories` DISABLE KEYS */;
INSERT INTO `categories` VALUES (1,'Programming'),(2,'Novel'),(3,'History'),(4,'Science'),(5,'Technology'),(6,'Database'),(7,'Networking'),(8,'Algorithm'),(9,'Artificial Intelligence');
/*!40000 ALTER TABLE `categories` ENABLE KEYS */;
UNLOCK TABLES;

--
-- Table structure for table `fines`
--

DROP TABLE IF EXISTS `fines`;
/*!40101 SET @saved_cs_client     = @@character_set_client */;
/*!50503 SET character_set_client = utf8mb4 */;
CREATE TABLE `fines` (
  `id` bigint NOT NULL AUTO_INCREMENT,
  `amount` double NOT NULL,
  `paid` bit(1) NOT NULL,
  `booking_id` bigint DEFAULT NULL,
  PRIMARY KEY (`id`),
  UNIQUE KEY `UKdmifbik387rw5kjj0kt23jxgw` (`booking_id`),
  CONSTRAINT `FKm95urutrhu7djmhejj10yh2d0` FOREIGN KEY (`booking_id`) REFERENCES `bookings` (`id`)
) ENGINE=InnoDB AUTO_INCREMENT=4 DEFAULT CHARSET=utf8mb4 COLLATE=utf8mb4_0900_ai_ci;
/*!40101 SET character_set_client = @saved_cs_client */;

--
-- Dumping data for table `fines`
--

LOCK TABLES `fines` WRITE;
/*!40000 ALTER TABLE `fines` DISABLE KEYS */;
INSERT INTO `fines` VALUES (1,2000,_binary '\0',3),(2,1000,_binary '\0',5),(3,20000,_binary '\0',7);
/*!40000 ALTER TABLE `fines` ENABLE KEYS */;
UNLOCK TABLES;

--
-- Table structure for table `users`
--

DROP TABLE IF EXISTS `users`;
/*!40101 SET @saved_cs_client     = @@character_set_client */;
/*!50503 SET character_set_client = utf8mb4 */;
CREATE TABLE `users` (
  `id` bigint NOT NULL AUTO_INCREMENT,
  `email` varchar(255) DEFAULT NULL,
  `is_admin` bit(1) DEFAULT NULL,
  `name` varchar(255) DEFAULT NULL,
  `password` varchar(255) DEFAULT NULL,
  PRIMARY KEY (`id`),
  UNIQUE KEY `UK6dotkott2kjsp8vw4d0m25fb7` (`email`)
) ENGINE=InnoDB AUTO_INCREMENT=3 DEFAULT CHARSET=utf8mb4 COLLATE=utf8mb4_0900_ai_ci;
/*!40101 SET character_set_client = @saved_cs_client */;

--
-- Dumping data for table `users`
--

LOCK TABLES `users` WRITE;
/*!40000 ALTER TABLE `users` DISABLE KEYS */;
INSERT INTO `users` VALUES (1,'ganteng@outlook',_binary '\0','Bay U','123'),(2,'andika@gmail',_binary '','Andkara','123');
/*!40000 ALTER TABLE `users` ENABLE KEYS */;
UNLOCK TABLES;

--
-- Dumping routines for database 'pbo'
--
/*!40103 SET TIME_ZONE=@OLD_TIME_ZONE */;

/*!40101 SET SQL_MODE=@OLD_SQL_MODE */;
/*!40014 SET FOREIGN_KEY_CHECKS=@OLD_FOREIGN_KEY_CHECKS */;
/*!40014 SET UNIQUE_CHECKS=@OLD_UNIQUE_CHECKS */;
/*!40101 SET CHARACTER_SET_CLIENT=@OLD_CHARACTER_SET_CLIENT */;
/*!40101 SET CHARACTER_SET_RESULTS=@OLD_CHARACTER_SET_RESULTS */;
/*!40101 SET COLLATION_CONNECTION=@OLD_COLLATION_CONNECTION */;
/*!40111 SET SQL_NOTES=@OLD_SQL_NOTES */;

-- Dump completed on 2026-06-25 10:53:39
